{
    "counter": {
        "ACTIVE": 95789,
        "INACTIVE": 61629,
        "INVALID": 0,
        "MALICIOUS": 0,
        "SANE": 0,
        "VALID": 0,
        "total": 157418
    },
    "percentage": {
        "ACTIVE": 60.855118960642926,
        "INACTIVE": 39.14990661804876,
        "INVALID": 0,
        "MALICIOUS": 0,
        "SANE": 0,
        "VALID": 0,
        "total": 100.00502557869169
    }
}