{
    "counter": {
        "ACTIVE": 56226,
        "INACTIVE": 31568,
        "INVALID": 0,
        "MALICIOUS": 0,
        "SANE": 0,
        "VALID": 0,
        "total": 87794
    },
    "percentage": {
        "ACTIVE": 64.04310089527758,
        "INACTIVE": 35.958537418840415,
        "INVALID": 0,
        "MALICIOUS": 0,
        "SANE": 0,
        "VALID": 0,
        "total": 100.001638314118
    }
}