{
    "counter": {
        "ACTIVE": 64110,
        "INACTIVE": 37212,
        "INVALID": 0,
        "MALICIOUS": 0,
        "SANE": 0,
        "VALID": 0,
        "total": 101322
    },
    "percentage": {
        "ACTIVE": 63.2753975068842,
        "INACTIVE": 36.726475987445966,
        "INVALID": 0,
        "MALICIOUS": 0,
        "SANE": 0,
        "VALID": 0,
        "total": 100.00187349433017
    }
}