{
    "counter": {
        "ACTIVE": 76634,
        "INACTIVE": 46745,
        "INVALID": 0,
        "MALICIOUS": 0,
        "SANE": 0,
        "VALID": 0,
        "total": 123379
    },
    "percentage": {
        "ACTIVE": 62.11469098277609,
        "INACTIVE": 37.8873228020976,
        "INVALID": 0,
        "MALICIOUS": 0,
        "SANE": 0,
        "VALID": 0,
        "total": 100.0020137848737
    }
}