{
    "counter": {
        "ACTIVE": 77840,
        "INACTIVE": 47585,
        "INVALID": 0,
        "MALICIOUS": 0,
        "SANE": 0,
        "VALID": 0,
        "total": 125425
    },
    "percentage": {
        "ACTIVE": 62.06346675171424,
        "INACTIVE": 37.939007374925254,
        "INVALID": 0,
        "MALICIOUS": 0,
        "SANE": 0,
        "VALID": 0,
        "total": 100.0024741266395
    }
}