{
    "counter": {
        "ACTIVE": 93536,
        "INACTIVE": 60055,
        "INVALID": 0,
        "MALICIOUS": 0,
        "SANE": 0,
        "VALID": 0,
        "total": 153591
    },
    "percentage": {
        "ACTIVE": 60.90019467539993,
        "INACTIVE": 39.100598342350786,
        "INVALID": 0,
        "MALICIOUS": 0,
        "SANE": 0,
        "VALID": 0,
        "total": 100.00079301775071
    }
}