{
    "counter": {
        "ACTIVE": 38967,
        "INACTIVE": 18542,
        "INVALID": 0,
        "MALICIOUS": 0,
        "SANE": 0,
        "VALID": 0,
        "total": 57509
    },
    "percentage": {
        "ACTIVE": 67.758090038081,
        "INACTIVE": 32.24247061278431,
        "INVALID": 0,
        "MALICIOUS": 0,
        "SANE": 0,
        "VALID": 0,
        "total": 100.00056065086531
    }
}