{
    "counter": {
        "ACTIVE": 49765,
        "INACTIVE": 26628,
        "INVALID": 0,
        "MALICIOUS": 0,
        "SANE": 0,
        "VALID": 0,
        "total": 76393
    },
    "percentage": {
        "ACTIVE": 65.14340319139188,
        "INACTIVE": 34.85933470354903,
        "INVALID": 0,
        "MALICIOUS": 0,
        "SANE": 0,
        "VALID": 0,
        "total": 100.0027378949409
    }
}