{
    "counter": {
        "ACTIVE": 43758,
        "INACTIVE": 22997,
        "INVALID": 0,
        "MALICIOUS": 0,
        "SANE": 0,
        "VALID": 0,
        "total": 66755
    },
    "percentage": {
        "ACTIVE": 65.55407409626822,
        "INACTIVE": 34.44985394352483,
        "INVALID": 0,
        "MALICIOUS": 0,
        "SANE": 0,
        "VALID": 0,
        "total": 100.00392803979305
    }
}