{
    "counter": {
        "ACTIVE": 32029,
        "INACTIVE": 12464,
        "INVALID": 0,
        "MALICIOUS": 0,
        "SANE": 0,
        "VALID": 0,
        "total": 44493
    },
    "percentage": {
        "ACTIVE": 71.98822260181606,
        "INACTIVE": 28.013395365563124,
        "INVALID": 0,
        "MALICIOUS": 0,
        "SANE": 0,
        "VALID": 0,
        "total": 100.00161796737919
    }
}