{
    "counter": {
        "ACTIVE": 61397,
        "INACTIVE": 35815,
        "INVALID": 0,
        "MALICIOUS": 0,
        "SANE": 0,
        "VALID": 0,
        "total": 97212
    },
    "percentage": {
        "ACTIVE": 63.157840595811216,
        "INACTIVE": 36.84405444052383,
        "INVALID": 0,
        "MALICIOUS": 0,
        "SANE": 0,
        "VALID": 0,
        "total": 100.00189503633504
    }
}