{
    "counter": {
        "ACTIVE": 40249,
        "INACTIVE": 19992,
        "INVALID": 0,
        "MALICIOUS": 0,
        "SANE": 0,
        "VALID": 0,
        "total": 60241
    },
    "percentage": {
        "ACTIVE": 66.81329991202006,
        "INACTIVE": 33.20378674638764,
        "INVALID": 0,
        "MALICIOUS": 0,
        "SANE": 0,
        "VALID": 0,
        "total": 100.01708665840769
    }
}