{
    "counter": {
        "ACTIVE": 26414,
        "INACTIVE": 8440,
        "INVALID": 0,
        "MALICIOUS": 0,
        "SANE": 0,
        "VALID": 0,
        "total": 34854
    },
    "percentage": {
        "ACTIVE": 75.79122550285501,
        "INACTIVE": 24.21529810064842,
        "INVALID": 0,
        "MALICIOUS": 0,
        "SANE": 0,
        "VALID": 0,
        "total": 100.00652360350344
    }
}