{
    "counter": {
        "ACTIVE": 50269,
        "INACTIVE": 27167,
        "INVALID": 0,
        "MALICIOUS": 0,
        "SANE": 0,
        "VALID": 0,
        "total": 77436
    },
    "percentage": {
        "ACTIVE": 64.91767288693742,
        "INACTIVE": 35.08316545276099,
        "INVALID": 0,
        "MALICIOUS": 0,
        "SANE": 0,
        "VALID": 0,
        "total": 100.00083833969842
    }
}