{
    "counter": {
        "ACTIVE": 43192,
        "INACTIVE": 22437,
        "INVALID": 0,
        "MALICIOUS": 0,
        "SANE": 0,
        "VALID": 0,
        "total": 65629
    },
    "percentage": {
        "ACTIVE": 65.81437518094687,
        "INACTIVE": 34.187630468238126,
        "INVALID": 0,
        "MALICIOUS": 0,
        "SANE": 0,
        "VALID": 0,
        "total": 100.002005649185
    }
}