{
    "counter": {
        "ACTIVE": 2808,
        "INACTIVE": 81,
        "INVALID": 0,
        "MALICIOUS": 0,
        "SANE": 0,
        "VALID": 0,
        "total": 2889
    },
    "percentage": {
        "ACTIVE": 97.19626168224299,
        "INACTIVE": 2.855128657032076,
        "INVALID": 0,
        "MALICIOUS": 0,
        "SANE": 0,
        "VALID": 0,
        "total": 100.05139033927507
    }
}