{
    "counter": {
        "ACTIVE": 101902,
        "INACTIVE": 66141,
        "INVALID": 0,
        "MALICIOUS": 0,
        "SANE": 0,
        "VALID": 0,
        "total": 168043
    },
    "percentage": {
        "ACTIVE": 60.64079218290665,
        "INACTIVE": 39.359568681825486,
        "INVALID": 0,
        "MALICIOUS": 0,
        "SANE": 0,
        "VALID": 0,
        "total": 100.00036086473213
    }
}