{
    "counter": {
        "ACTIVE": 22360,
        "INACTIVE": 4049,
        "INVALID": 0,
        "MALICIOUS": 0,
        "SANE": 0,
        "VALID": 0,
        "total": 26409
    },
    "percentage": {
        "ACTIVE": 84.67131172372008,
        "INACTIVE": 15.331894429929191,
        "INVALID": 0,
        "MALICIOUS": 0,
        "SANE": 0,
        "VALID": 0,
        "total": 100.00320615364927
    }
}