{
    "counter": {
        "ACTIVE": 74288,
        "INACTIVE": 45155,
        "INVALID": 0,
        "MALICIOUS": 0,
        "SANE": 0,
        "VALID": 0,
        "total": 119443
    },
    "percentage": {
        "ACTIVE": 62.19535678105875,
        "INACTIVE": 37.80939143249489,
        "INVALID": 0,
        "MALICIOUS": 0,
        "SANE": 0,
        "VALID": 0,
        "total": 100.00474821355364
    }
}