{
    "counter": {
        "ACTIVE": 100246,
        "INACTIVE": 64709,
        "INVALID": 0,
        "MALICIOUS": 0,
        "SANE": 0,
        "VALID": 0,
        "total": 164955
    },
    "percentage": {
        "ACTIVE": 60.77172562213937,
        "INACTIVE": 39.22922564882904,
        "INVALID": 0,
        "MALICIOUS": 0,
        "SANE": 0,
        "VALID": 0,
        "total": 100.00095127096841
    }
}