{
    "counter": {
        "ACTIVE": 72997,
        "INACTIVE": 44054,
        "INVALID": 0,
        "MALICIOUS": 0,
        "SANE": 0,
        "VALID": 0,
        "total": 117051
    },
    "percentage": {
        "ACTIVE": 62.363414238238036,
        "INACTIVE": 37.6369073045707,
        "INVALID": 0,
        "MALICIOUS": 0,
        "SANE": 0,
        "VALID": 0,
        "total": 100.00032154280873
    }
}