{
    "counter": {
        "ACTIVE": 93835,
        "INACTIVE": 60493,
        "INVALID": 0,
        "MALICIOUS": 0,
        "SANE": 0,
        "VALID": 0,
        "total": 154328
    },
    "percentage": {
        "ACTIVE": 60.80586317951775,
        "INACTIVE": 39.197682857290964,
        "INVALID": 0,
        "MALICIOUS": 0,
        "SANE": 0,
        "VALID": 0,
        "total": 100.00354603680871
    }
}