{
    "counter": {
        "ACTIVE": 75215,
        "INACTIVE": 45895,
        "INVALID": 0,
        "MALICIOUS": 0,
        "SANE": 0,
        "VALID": 0,
        "total": 121110
    },
    "percentage": {
        "ACTIVE": 62.1057238167586,
        "INACTIVE": 37.89530179175956,
        "INVALID": 0,
        "MALICIOUS": 0,
        "SANE": 0,
        "VALID": 0,
        "total": 100.00102560851815
    }
}