{
    "counter": {
        "ACTIVE": 98758,
        "INACTIVE": 63639,
        "INVALID": 0,
        "MALICIOUS": 0,
        "SANE": 0,
        "VALID": 0,
        "total": 162397
    },
    "percentage": {
        "ACTIVE": 60.81269974199031,
        "INACTIVE": 39.18754156506318,
        "INVALID": 0,
        "MALICIOUS": 0,
        "SANE": 0,
        "VALID": 0,
        "total": 100.00024130705349
    }
}