{
    "counter": {
        "ACTIVE": 43543,
        "INACTIVE": 22775,
        "INVALID": 0,
        "MALICIOUS": 0,
        "SANE": 0,
        "VALID": 0,
        "total": 66318
    },
    "percentage": {
        "ACTIVE": 65.6598709210447,
        "INACTIVE": 34.34210923127959,
        "INVALID": 0,
        "MALICIOUS": 0,
        "SANE": 0,
        "VALID": 0,
        "total": 100.0019801523243
    }
}