{
    "counter": {
        "ACTIVE": 19324,
        "INACTIVE": 2530,
        "INVALID": 0,
        "MALICIOUS": 0,
        "SANE": 0,
        "VALID": 0,
        "total": 21854
    },
    "percentage": {
        "ACTIVE": 88.42317195936671,
        "INACTIVE": 11.59965155196919,
        "INVALID": 0,
        "MALICIOUS": 0,
        "SANE": 0,
        "VALID": 0,
        "total": 100.0228235113359
    }
}