{
    "counter": {
        "ACTIVE": 52022,
        "INACTIVE": 28753,
        "INVALID": 0,
        "MALICIOUS": 0,
        "SANE": 0,
        "VALID": 0,
        "total": 80775
    },
    "percentage": {
        "ACTIVE": 64.40518490089511,
        "INACTIVE": 35.59640978025379,
        "INVALID": 0,
        "MALICIOUS": 0,
        "SANE": 0,
        "VALID": 0,
        "total": 100.0015946811489
    }
}