{
    "counter": {
        "ACTIVE": 36068,
        "INACTIVE": 16257,
        "INVALID": 0,
        "MALICIOUS": 0,
        "SANE": 0,
        "VALID": 0,
        "total": 52325
    },
    "percentage": {
        "ACTIVE": 68.93072145246059,
        "INACTIVE": 31.07224770642202,
        "INVALID": 0,
        "MALICIOUS": 0,
        "SANE": 0,
        "VALID": 0,
        "total": 100.0029691588826
    }
}