{
    "counter": {
        "ACTIVE": 91458,
        "INACTIVE": 58230,
        "INVALID": 0,
        "MALICIOUS": 0,
        "SANE": 0,
        "VALID": 0,
        "total": 149688
    },
    "percentage": {
        "ACTIVE": 61.09990246248814,
        "INACTIVE": 38.9009139009139,
        "INVALID": 0,
        "MALICIOUS": 0,
        "SANE": 0,
        "VALID": 0,
        "total": 100.00081636340204
    }
}