{
    "counter": {
        "ACTIVE": 70880,
        "INACTIVE": 42480,
        "INVALID": 0,
        "MALICIOUS": 0,
        "SANE": 0,
        "VALID": 0,
        "total": 113360
    },
    "percentage": {
        "ACTIVE": 62.52811912806443,
        "INACTIVE": 37.473535638673255,
        "INVALID": 0,
        "MALICIOUS": 0,
        "SANE": 0,
        "VALID": 0,
        "total": 100.00165476673769
    }
}