{
    "counter": {
        "ACTIVE": 72351,
        "INACTIVE": 43533,
        "INVALID": 0,
        "MALICIOUS": 0,
        "SANE": 0,
        "VALID": 0,
        "total": 115884
    },
    "percentage": {
        "ACTIVE": 62.43614083534691,
        "INACTIVE": 37.56601429015222,
        "INVALID": 0,
        "MALICIOUS": 0,
        "SANE": 0,
        "VALID": 0,
        "total": 100.00215512549913
    }
}