{
    "counter": {
        "ACTIVE": 66186,
        "INACTIVE": 38180,
        "INVALID": 0,
        "MALICIOUS": 0,
        "SANE": 0,
        "VALID": 0,
        "total": 104366
    },
    "percentage": {
        "ACTIVE": 63.42024319429672,
        "INACTIVE": 36.582795163175746,
        "INVALID": 0,
        "MALICIOUS": 0,
        "SANE": 0,
        "VALID": 0,
        "total": 100.00303835747246
    }
}