{
    "counter": {
        "ACTIVE": 73942,
        "INACTIVE": 44974,
        "INVALID": 0,
        "MALICIOUS": 0,
        "SANE": 0,
        "VALID": 0,
        "total": 118916
    },
    "percentage": {
        "ACTIVE": 62.18002623700764,
        "INACTIVE": 37.82124596340151,
        "INVALID": 0,
        "MALICIOUS": 0,
        "SANE": 0,
        "VALID": 0,
        "total": 100.00127220040915
    }
}