{
    "counter": {
        "ACTIVE": 10319,
        "INACTIVE": 1467,
        "INVALID": 0,
        "MALICIOUS": 0,
        "SANE": 0,
        "VALID": 0,
        "total": 11786
    },
    "percentage": {
        "ACTIVE": 87.55302901747837,
        "INACTIVE": 12.448027153160798,
        "INVALID": 0,
        "MALICIOUS": 0,
        "SANE": 0,
        "VALID": 0,
        "total": 100.00105617063916
    }
}