{
    "counter": {
        "ACTIVE": 56545,
        "INACTIVE": 31849,
        "INVALID": 0,
        "MALICIOUS": 0,
        "SANE": 0,
        "VALID": 0,
        "total": 88394
    },
    "percentage": {
        "ACTIVE": 63.970721332247265,
        "INACTIVE": 36.03072606738014,
        "INVALID": 0,
        "MALICIOUS": 0,
        "SANE": 0,
        "VALID": 0,
        "total": 100.00144739962741
    }
}