{
    "counter": {
        "ACTIVE": 68175,
        "INACTIVE": 39828,
        "INVALID": 0,
        "MALICIOUS": 0,
        "SANE": 0,
        "VALID": 0,
        "total": 108003
    },
    "percentage": {
        "ACTIVE": 63.12558449615274,
        "INACTIVE": 36.876753423516014,
        "INVALID": 0,
        "MALICIOUS": 0,
        "SANE": 0,
        "VALID": 0,
        "total": 100.00233791966875
    }
}