{
    "counter": {
        "ACTIVE": 102587,
        "INACTIVE": 66797,
        "INVALID": 0,
        "MALICIOUS": 0,
        "SANE": 0,
        "VALID": 0,
        "total": 169384
    },
    "percentage": {
        "ACTIVE": 60.56546740503713,
        "INACTIVE": 39.4352477211543,
        "INVALID": 0,
        "MALICIOUS": 0,
        "SANE": 0,
        "VALID": 0,
        "total": 100.00071512619144
    }
}