{
    "counter": {
        "ACTIVE": 47504,
        "INACTIVE": 25038,
        "INVALID": 0,
        "MALICIOUS": 0,
        "SANE": 0,
        "VALID": 0,
        "total": 72542
    },
    "percentage": {
        "ACTIVE": 65.48662806727323,
        "INACTIVE": 34.515177414463345,
        "INVALID": 0,
        "MALICIOUS": 0,
        "SANE": 0,
        "VALID": 0,
        "total": 100.00180548173657
    }
}