{
    "counter": {
        "ACTIVE": 35468,
        "INACTIVE": 15817,
        "INVALID": 0,
        "MALICIOUS": 0,
        "SANE": 0,
        "VALID": 0,
        "total": 51285
    },
    "percentage": {
        "ACTIVE": 69.1586233791557,
        "INACTIVE": 30.841978004835816,
        "INVALID": 0,
        "MALICIOUS": 0,
        "SANE": 0,
        "VALID": 0,
        "total": 100.00060138399152
    }
}