{
    "counter": {
        "ACTIVE": 16077,
        "INACTIVE": 2260,
        "INVALID": 0,
        "MALICIOUS": 0,
        "SANE": 0,
        "VALID": 0,
        "total": 18337
    },
    "percentage": {
        "ACTIVE": 87.67519223428042,
        "INACTIVE": 12.332205609516533,
        "INVALID": 0,
        "MALICIOUS": 0,
        "SANE": 0,
        "VALID": 0,
        "total": 100.00739784379695
    }
}