{
    "counter": {
        "ACTIVE": 107561,
        "INACTIVE": 70455,
        "INVALID": 0,
        "MALICIOUS": 0,
        "SANE": 0,
        "VALID": 0,
        "total": 178016
    },
    "percentage": {
        "ACTIVE": 60.422096890167175,
        "INACTIVE": 39.59770018041107,
        "INVALID": 0,
        "MALICIOUS": 0,
        "SANE": 0,
        "VALID": 0,
        "total": 100.01979707057825
    }
}