{
    "counter": {
        "ACTIVE": 36225,
        "INACTIVE": 16401,
        "INVALID": 0,
        "MALICIOUS": 0,
        "SANE": 0,
        "VALID": 0,
        "total": 52626
    },
    "percentage": {
        "ACTIVE": 68.83479648842777,
        "INACTIVE": 31.16638795986622,
        "INVALID": 0,
        "MALICIOUS": 0,
        "SANE": 0,
        "VALID": 0,
        "total": 100.001184448294
    }
}