{
    "counter": {
        "ACTIVE": 2762,
        "INACTIVE": 81,
        "INVALID": 0,
        "MALICIOUS": 0,
        "SANE": 0,
        "VALID": 0,
        "total": 2843
    },
    "percentage": {
        "ACTIVE": 97.15089693985227,
        "INACTIVE": 2.855128657032076,
        "INVALID": 0,
        "MALICIOUS": 0,
        "SANE": 0,
        "VALID": 0,
        "total": 100.00602559688436
    }
}