{
    "counter": {
        "ACTIVE": 102252,
        "INACTIVE": 66486,
        "INVALID": 0,
        "MALICIOUS": 0,
        "SANE": 0,
        "VALID": 0,
        "total": 168738
    },
    "percentage": {
        "ACTIVE": 60.598086975073784,
        "INACTIVE": 39.402146535733124,
        "INVALID": 0,
        "MALICIOUS": 0,
        "SANE": 0,
        "VALID": 0,
        "total": 100.00023351080691
    }
}