{
    "counter": {
        "ACTIVE": 90101,
        "INACTIVE": 56974,
        "INVALID": 0,
        "MALICIOUS": 0,
        "SANE": 0,
        "VALID": 0,
        "total": 147075
    },
    "percentage": {
        "ACTIVE": 61.26444050071735,
        "INACTIVE": 38.738058813530515,
        "INVALID": 0,
        "MALICIOUS": 0,
        "SANE": 0,
        "VALID": 0,
        "total": 100.00249931424787
    }
}