{
    "counter": {
        "ACTIVE": 52190,
        "INACTIVE": 28908,
        "INVALID": 0,
        "MALICIOUS": 0,
        "SANE": 0,
        "VALID": 0,
        "total": 81098
    },
    "percentage": {
        "ACTIVE": 64.35423808232015,
        "INACTIVE": 35.647520161787554,
        "INVALID": 0,
        "MALICIOUS": 0,
        "SANE": 0,
        "VALID": 0,
        "total": 100.0017582441077
    }
}