{
    "counter": {
        "ACTIVE": 48612,
        "INACTIVE": 25956,
        "INVALID": 0,
        "MALICIOUS": 0,
        "SANE": 0,
        "VALID": 0,
        "total": 74568
    },
    "percentage": {
        "ACTIVE": 65.19150305761184,
        "INACTIVE": 34.809430571574175,
        "INVALID": 0,
        "MALICIOUS": 0,
        "SANE": 0,
        "VALID": 0,
        "total": 100.00093362918602
    }
}