{
    "counter": {
        "ACTIVE": 67602,
        "INACTIVE": 39285,
        "INVALID": 0,
        "MALICIOUS": 0,
        "SANE": 0,
        "VALID": 0,
        "total": 106887
    },
    "percentage": {
        "ACTIVE": 63.246232002020825,
        "INACTIVE": 36.75720688267822,
        "INVALID": 0,
        "MALICIOUS": 0,
        "SANE": 0,
        "VALID": 0,
        "total": 100.00343888469905
    }
}