{
    "counter": {
        "ACTIVE": 11052,
        "INACTIVE": 1591,
        "INVALID": 0,
        "MALICIOUS": 0,
        "SANE": 0,
        "VALID": 0,
        "total": 12643
    },
    "percentage": {
        "ACTIVE": 87.41596140156608,
        "INACTIVE": 12.591009813232036,
        "INVALID": 0,
        "MALICIOUS": 0,
        "SANE": 0,
        "VALID": 0,
        "total": 100.00697121479811
    }
}