{
    "counter": {
        "ACTIVE": 73319,
        "INACTIVE": 44453,
        "INVALID": 0,
        "MALICIOUS": 0,
        "SANE": 0,
        "VALID": 0,
        "total": 117772
    },
    "percentage": {
        "ACTIVE": 62.25662101232073,
        "INACTIVE": 37.744964847332135,
        "INVALID": 0,
        "MALICIOUS": 0,
        "SANE": 0,
        "VALID": 0,
        "total": 100.00158585965286
    }
}