{
    "counter": {
        "ACTIVE": 23541,
        "INACTIVE": 5103,
        "INVALID": 0,
        "MALICIOUS": 0,
        "SANE": 0,
        "VALID": 0,
        "total": 28644
    },
    "percentage": {
        "ACTIVE": 82.18762001187027,
        "INACTIVE": 17.81524926686217,
        "INVALID": 0,
        "MALICIOUS": 0,
        "SANE": 0,
        "VALID": 0,
        "total": 100.00286927873243
    }
}