{
    "counter": {
        "ACTIVE": 73235,
        "INACTIVE": 44372,
        "INVALID": 0,
        "MALICIOUS": 0,
        "SANE": 0,
        "VALID": 0,
        "total": 117607
    },
    "percentage": {
        "ACTIVE": 62.270953259584886,
        "INACTIVE": 37.7293675492747,
        "INVALID": 0,
        "MALICIOUS": 0,
        "SANE": 0,
        "VALID": 0,
        "total": 100.00032080885958
    }
}