{
    "counter": {
        "ACTIVE": 59051,
        "INACTIVE": 33854,
        "INVALID": 0,
        "MALICIOUS": 0,
        "SANE": 0,
        "VALID": 0,
        "total": 92905
    },
    "percentage": {
        "ACTIVE": 63.560626446369945,
        "INACTIVE": 36.44015801427295,
        "INVALID": 0,
        "MALICIOUS": 0,
        "SANE": 0,
        "VALID": 0,
        "total": 100.0007844606429
    }
}