{
    "counter": {
        "ACTIVE": 40042,
        "INACTIVE": 19812,
        "INVALID": 0,
        "MALICIOUS": 0,
        "SANE": 0,
        "VALID": 0,
        "total": 59854
    },
    "percentage": {
        "ACTIVE": 66.89945534133057,
        "INACTIVE": 33.102203806118524,
        "INVALID": 0,
        "MALICIOUS": 0,
        "SANE": 0,
        "VALID": 0,
        "total": 100.00165914744909
    }
}