{
    "counter": {
        "ACTIVE": 70218,
        "INACTIVE": 41825,
        "INVALID": 0,
        "MALICIOUS": 0,
        "SANE": 0,
        "VALID": 0,
        "total": 112043
    },
    "percentage": {
        "ACTIVE": 62.671700538195836,
        "INACTIVE": 37.329418169809806,
        "INVALID": 0,
        "MALICIOUS": 0,
        "SANE": 0,
        "VALID": 0,
        "total": 100.00111870800563
    }
}