{
    "counter": {
        "ACTIVE": 44990,
        "INACTIVE": 24226,
        "INVALID": 0,
        "MALICIOUS": 0,
        "SANE": 0,
        "VALID": 0,
        "total": 69216
    },
    "percentage": {
        "ACTIVE": 64.99942209893666,
        "INACTIVE": 35.00411796153679,
        "INVALID": 0,
        "MALICIOUS": 0,
        "SANE": 0,
        "VALID": 0,
        "total": 100.00354006047345
    }
}