{
    "counter": {
        "ACTIVE": 38598,
        "INACTIVE": 18285,
        "INVALID": 0,
        "MALICIOUS": 0,
        "SANE": 0,
        "VALID": 0,
        "total": 56883
    },
    "percentage": {
        "ACTIVE": 67.85626384444991,
        "INACTIVE": 32.144929064922735,
        "INVALID": 0,
        "MALICIOUS": 0,
        "SANE": 0,
        "VALID": 0,
        "total": 100.00119290937265
    }
}