{
    "counter": {
        "ACTIVE": 24347,
        "INACTIVE": 6159,
        "INVALID": 0,
        "MALICIOUS": 0,
        "SANE": 0,
        "VALID": 0,
        "total": 30506
    },
    "percentage": {
        "ACTIVE": 79.81052907624729,
        "INACTIVE": 20.19013276512047,
        "INVALID": 0,
        "MALICIOUS": 0,
        "SANE": 0,
        "VALID": 0,
        "total": 100.00066184136776
    }
}