{
    "counter": {
        "ACTIVE": 36427,
        "INACTIVE": 16560,
        "INVALID": 0,
        "MALICIOUS": 0,
        "SANE": 0,
        "VALID": 0,
        "total": 52987
    },
    "percentage": {
        "ACTIVE": 68.74705116349293,
        "INACTIVE": 31.25412852694159,
        "INVALID": 0,
        "MALICIOUS": 0,
        "SANE": 0,
        "VALID": 0,
        "total": 100.00117969043451
    }
}