{
    "counter": {
        "ACTIVE": 67396,
        "INACTIVE": 39098,
        "INVALID": 0,
        "MALICIOUS": 0,
        "SANE": 0,
        "VALID": 0,
        "total": 106494
    },
    "percentage": {
        "ACTIVE": 63.28678880301992,
        "INACTIVE": 36.71380547260878,
        "INVALID": 0,
        "MALICIOUS": 0,
        "SANE": 0,
        "VALID": 0,
        "total": 100.0005942756287
    }
}