{
    "counter": {
        "ACTIVE": 65119,
        "INACTIVE": 37749,
        "INVALID": 0,
        "MALICIOUS": 0,
        "SANE": 0,
        "VALID": 0,
        "total": 102868
    },
    "percentage": {
        "ACTIVE": 63.30468765189664,
        "INACTIVE": 36.696543142668276,
        "INVALID": 0,
        "MALICIOUS": 0,
        "SANE": 0,
        "VALID": 0,
        "total": 100.00123079456492
    }
}