{
    "counter": {
        "ACTIVE": 48434,
        "INACTIVE": 25775,
        "INVALID": 0,
        "MALICIOUS": 0,
        "SANE": 0,
        "VALID": 0,
        "total": 74209
    },
    "percentage": {
        "ACTIVE": 65.26965474489934,
        "INACTIVE": 34.73298386988101,
        "INVALID": 0,
        "MALICIOUS": 0,
        "SANE": 0,
        "VALID": 0,
        "total": 100.00263861478035
    }
}