{
    "counter": {
        "ACTIVE": 31721,
        "INACTIVE": 12105,
        "INVALID": 0,
        "MALICIOUS": 0,
        "SANE": 0,
        "VALID": 0,
        "total": 43826
    },
    "percentage": {
        "ACTIVE": 72.37940948295532,
        "INACTIVE": 27.62185104052574,
        "INVALID": 0,
        "MALICIOUS": 0,
        "SANE": 0,
        "VALID": 0,
        "total": 100.00126052348106
    }
}