{
    "counter": {
        "ACTIVE": 491,
        "INACTIVE": 19,
        "INVALID": 0,
        "MALICIOUS": 0,
        "SANE": 0,
        "VALID": 0,
        "total": 510
    },
    "percentage": {
        "ACTIVE": 96.27450980392157,
        "INACTIVE": 4.042553191489362,
        "INVALID": 0,
        "MALICIOUS": 0,
        "SANE": 0,
        "VALID": 0,
        "total": 100.31706299541094
    }
}