{
    "counter": {
        "ACTIVE": 21367,
        "INACTIVE": 3105,
        "INVALID": 0,
        "MALICIOUS": 0,
        "SANE": 0,
        "VALID": 0,
        "total": 24472
    },
    "percentage": {
        "ACTIVE": 87.34772299893713,
        "INACTIVE": 12.68796992481203,
        "INVALID": 0,
        "MALICIOUS": 0,
        "SANE": 0,
        "VALID": 0,
        "total": 100.03569292374917
    }
}