{
    "counter": {
        "ACTIVE": 60130,
        "INACTIVE": 34795,
        "INVALID": 0,
        "MALICIOUS": 0,
        "SANE": 0,
        "VALID": 0,
        "total": 94925
    },
    "percentage": {
        "ACTIVE": 63.34674785613451,
        "INACTIVE": 36.655254148011586,
        "INVALID": 0,
        "MALICIOUS": 0,
        "SANE": 0,
        "VALID": 0,
        "total": 100.0020020041461
    }
}