{
    "counter": {
        "ACTIVE": 62048,
        "INACTIVE": 36262,
        "INVALID": 0,
        "MALICIOUS": 0,
        "SANE": 0,
        "VALID": 0,
        "total": 98310
    },
    "percentage": {
        "ACTIVE": 63.1146373715797,
        "INACTIVE": 36.88611303251007,
        "INVALID": 0,
        "MALICIOUS": 0,
        "SANE": 0,
        "VALID": 0,
        "total": 100.00075040408976
    }
}