{
    "counter": {
        "ACTIVE": 84025,
        "INACTIVE": 51938,
        "INVALID": 0,
        "MALICIOUS": 0,
        "SANE": 0,
        "VALID": 0,
        "total": 135963
    },
    "percentage": {
        "ACTIVE": 61.79990144377514,
        "INACTIVE": 38.20037951780645,
        "INVALID": 0,
        "MALICIOUS": 0,
        "SANE": 0,
        "VALID": 0,
        "total": 100.00028096158158
    }
}