{
    "counter": {
        "ACTIVE": 86773,
        "INACTIVE": 53961,
        "INVALID": 0,
        "MALICIOUS": 0,
        "SANE": 0,
        "VALID": 0,
        "total": 140734
    },
    "percentage": {
        "ACTIVE": 61.659205570951464,
        "INACTIVE": 38.34254693251098,
        "INVALID": 0,
        "MALICIOUS": 0,
        "SANE": 0,
        "VALID": 0,
        "total": 100.00175250346244
    }
}