{
    "counter": {
        "ACTIVE": 54967,
        "INACTIVE": 30535,
        "INVALID": 0,
        "MALICIOUS": 0,
        "SANE": 0,
        "VALID": 0,
        "total": 85502
    },
    "percentage": {
        "ACTIVE": 64.28738509040724,
        "INACTIVE": 35.71345029239766,
        "INVALID": 0,
        "MALICIOUS": 0,
        "SANE": 0,
        "VALID": 0,
        "total": 100.0008353828049
    }
}