{
    "counter": {
        "ACTIVE": 107504,
        "INACTIVE": 70455,
        "INVALID": 0,
        "MALICIOUS": 0,
        "SANE": 0,
        "VALID": 0,
        "total": 177959
    },
    "percentage": {
        "ACTIVE": 60.40942014733731,
        "INACTIVE": 39.59770018041107,
        "INVALID": 0,
        "MALICIOUS": 0,
        "SANE": 0,
        "VALID": 0,
        "total": 100.00712032774837
    }
}