{
    "counter": {
        "ACTIVE": 87243,
        "INACTIVE": 54538,
        "INVALID": 0,
        "MALICIOUS": 0,
        "SANE": 0,
        "VALID": 0,
        "total": 141781
    },
    "percentage": {
        "ACTIVE": 61.53406686415573,
        "INACTIVE": 38.46636714369344,
        "INVALID": 0,
        "MALICIOUS": 0,
        "SANE": 0,
        "VALID": 0,
        "total": 100.00043400784918
    }
}