{
    "counter": {
        "ACTIVE": 45739,
        "INACTIVE": 24480,
        "INVALID": 0,
        "MALICIOUS": 0,
        "SANE": 0,
        "VALID": 0,
        "total": 70219
    },
    "percentage": {
        "ACTIVE": 65.13764080946753,
        "INACTIVE": 34.8688146312281,
        "INVALID": 0,
        "MALICIOUS": 0,
        "SANE": 0,
        "VALID": 0,
        "total": 100.00645544069562
    }
}