{
    "counter": {
        "ACTIVE": 36890,
        "INACTIVE": 16924,
        "INVALID": 0,
        "MALICIOUS": 0,
        "SANE": 0,
        "VALID": 0,
        "total": 53814
    },
    "percentage": {
        "ACTIVE": 68.55093470100718,
        "INACTIVE": 31.449649712894654,
        "INVALID": 0,
        "MALICIOUS": 0,
        "SANE": 0,
        "VALID": 0,
        "total": 100.00058441390183
    }
}