{
    "counter": {
        "ACTIVE": 85179,
        "INACTIVE": 52406,
        "INVALID": 0,
        "MALICIOUS": 0,
        "SANE": 0,
        "VALID": 0,
        "total": 137585
    },
    "percentage": {
        "ACTIVE": 61.91054192347947,
        "INACTIVE": 38.089908056837594,
        "INVALID": 0,
        "MALICIOUS": 0,
        "SANE": 0,
        "VALID": 0,
        "total": 100.00044998031706
    }
}