{
    "counter": {
        "ACTIVE": 44435,
        "INACTIVE": 23759,
        "INVALID": 0,
        "MALICIOUS": 0,
        "SANE": 0,
        "VALID": 0,
        "total": 68194
    },
    "percentage": {
        "ACTIVE": 65.15969146845764,
        "INACTIVE": 34.84286321840766,
        "INVALID": 0,
        "MALICIOUS": 0,
        "SANE": 0,
        "VALID": 0,
        "total": 100.0025546868653
    }
}