{
    "counter": {
        "ACTIVE": 18371,
        "INACTIVE": 2417,
        "INVALID": 0,
        "MALICIOUS": 0,
        "SANE": 0,
        "VALID": 0,
        "total": 20788
    },
    "percentage": {
        "ACTIVE": 88.37309986530691,
        "INACTIVE": 11.62857830165985,
        "INVALID": 0,
        "MALICIOUS": 0,
        "SANE": 0,
        "VALID": 0,
        "total": 100.00167816696677
    }
}