{
    "counter": {
        "ACTIVE": 54636,
        "INACTIVE": 30463,
        "INVALID": 0,
        "MALICIOUS": 0,
        "SANE": 0,
        "VALID": 0,
        "total": 85099
    },
    "percentage": {
        "ACTIVE": 64.20286959893771,
        "INACTIVE": 35.799233788516226,
        "INVALID": 0,
        "MALICIOUS": 0,
        "SANE": 0,
        "VALID": 0,
        "total": 100.00210338745393
    }
}