{
    "counter": {
        "ACTIVE": 16564,
        "INACTIVE": 2307,
        "INVALID": 0,
        "MALICIOUS": 0,
        "SANE": 0,
        "VALID": 0,
        "total": 18871
    },
    "percentage": {
        "ACTIVE": 87.77489269249112,
        "INACTIVE": 12.225755166931638,
        "INVALID": 0,
        "MALICIOUS": 0,
        "SANE": 0,
        "VALID": 0,
        "total": 100.00064785942276
    }
}