{
    "counter": {
        "ACTIVE": 34793,
        "INACTIVE": 15083,
        "INVALID": 0,
        "MALICIOUS": 0,
        "SANE": 0,
        "VALID": 0,
        "total": 49876
    },
    "percentage": {
        "ACTIVE": 69.75900232576791,
        "INACTIVE": 30.24584904146948,
        "INVALID": 0,
        "MALICIOUS": 0,
        "SANE": 0,
        "VALID": 0,
        "total": 100.00485136723739
    }
}