{
    "counter": {
        "ACTIVE": 73780,
        "INACTIVE": 44867,
        "INVALID": 0,
        "MALICIOUS": 0,
        "SANE": 0,
        "VALID": 0,
        "total": 118647
    },
    "percentage": {
        "ACTIVE": 62.18446315541059,
        "INACTIVE": 37.81617430148763,
        "INVALID": 0,
        "MALICIOUS": 0,
        "SANE": 0,
        "VALID": 0,
        "total": 100.00063745689822
    }
}