{
    "counter": {
        "ACTIVE": 57698,
        "INACTIVE": 32440,
        "INVALID": 0,
        "MALICIOUS": 0,
        "SANE": 0,
        "VALID": 0,
        "total": 90138
    },
    "percentage": {
        "ACTIVE": 64.01073908895249,
        "INACTIVE": 35.99325403870051,
        "INVALID": 0,
        "MALICIOUS": 0,
        "SANE": 0,
        "VALID": 0,
        "total": 100.003993127653
    }
}