{
    "counter": {
        "ACTIVE": 63982,
        "INACTIVE": 37126,
        "INVALID": 0,
        "MALICIOUS": 0,
        "SANE": 0,
        "VALID": 0,
        "total": 101108
    },
    "percentage": {
        "ACTIVE": 63.280848201922694,
        "INACTIVE": 36.71951496928996,
        "INVALID": 0,
        "MALICIOUS": 0,
        "SANE": 0,
        "VALID": 0,
        "total": 100.00036317121265
    }
}