{
    "counter": {
        "ACTIVE": 25391,
        "INACTIVE": 7268,
        "INVALID": 0,
        "MALICIOUS": 0,
        "SANE": 0,
        "VALID": 0,
        "total": 32659
    },
    "percentage": {
        "ACTIVE": 77.74579748308277,
        "INACTIVE": 22.254883948802743,
        "INVALID": 0,
        "MALICIOUS": 0,
        "SANE": 0,
        "VALID": 0,
        "total": 100.00068143188551
    }
}