{
    "counter": {
        "ACTIVE": 35400,
        "INACTIVE": 15722,
        "INVALID": 0,
        "MALICIOUS": 0,
        "SANE": 0,
        "VALID": 0,
        "total": 51122
    },
    "percentage": {
        "ACTIVE": 69.24882629107981,
        "INACTIVE": 30.753882868432378,
        "INVALID": 0,
        "MALICIOUS": 0,
        "SANE": 0,
        "VALID": 0,
        "total": 100.0027091595122
    }
}