{
    "counter": {
        "ACTIVE": 14510,
        "INACTIVE": 2056,
        "INVALID": 0,
        "MALICIOUS": 0,
        "SANE": 0,
        "VALID": 0,
        "total": 16566
    },
    "percentage": {
        "ACTIVE": 87.58903778824097,
        "INACTIVE": 12.4515503875969,
        "INVALID": 0,
        "MALICIOUS": 0,
        "SANE": 0,
        "VALID": 0,
        "total": 100.04058817583787
    }
}