{
    "counter": {
        "ACTIVE": 29144,
        "INACTIVE": 10178,
        "INVALID": 0,
        "MALICIOUS": 0,
        "SANE": 0,
        "VALID": 0,
        "total": 39322
    },
    "percentage": {
        "ACTIVE": 74.12381097716059,
        "INACTIVE": 25.883729210111387,
        "INVALID": 0,
        "MALICIOUS": 0,
        "SANE": 0,
        "VALID": 0,
        "total": 100.00754018727197
    }
}