{
    "counter": {
        "ACTIVE": 63343,
        "INACTIVE": 36753,
        "INVALID": 0,
        "MALICIOUS": 0,
        "SANE": 0,
        "VALID": 0,
        "total": 100096
    },
    "percentage": {
        "ACTIVE": 63.28224904092072,
        "INACTIVE": 36.7181177881013,
        "INVALID": 0,
        "MALICIOUS": 0,
        "SANE": 0,
        "VALID": 0,
        "total": 100.00036682902203
    }
}