{
    "counter": {
        "ACTIVE": 51076,
        "INACTIVE": 27819,
        "INVALID": 0,
        "MALICIOUS": 0,
        "SANE": 0,
        "VALID": 0,
        "total": 78895
    },
    "percentage": {
        "ACTIVE": 64.74413416319132,
        "INACTIVE": 35.260789657139235,
        "INVALID": 0,
        "MALICIOUS": 0,
        "SANE": 0,
        "VALID": 0,
        "total": 100.00492382033056
    }
}