{
    "counter": {
        "ACTIVE": 107547,
        "INACTIVE": 70455,
        "INVALID": 0,
        "MALICIOUS": 0,
        "SANE": 0,
        "VALID": 0,
        "total": 178002
    },
    "percentage": {
        "ACTIVE": 60.418984056358916,
        "INACTIVE": 39.59770018041107,
        "INVALID": 0,
        "MALICIOUS": 0,
        "SANE": 0,
        "VALID": 0,
        "total": 100.01668423676998
    }
}