{
    "counter": {
        "ACTIVE": 31618,
        "INACTIVE": 11994,
        "INVALID": 0,
        "MALICIOUS": 0,
        "SANE": 0,
        "VALID": 0,
        "total": 43612
    },
    "percentage": {
        "ACTIVE": 72.513359172534,
        "INACTIVE": 27.501605062826744,
        "INVALID": 0,
        "MALICIOUS": 0,
        "SANE": 0,
        "VALID": 0,
        "total": 100.01496423536074
    }
}