{
    "counter": {
        "ACTIVE": 33708,
        "INACTIVE": 14089,
        "INVALID": 0,
        "MALICIOUS": 0,
        "SANE": 0,
        "VALID": 0,
        "total": 47797
    },
    "percentage": {
        "ACTIVE": 70.52325459756888,
        "INACTIVE": 29.477978868082435,
        "INVALID": 0,
        "MALICIOUS": 0,
        "SANE": 0,
        "VALID": 0,
        "total": 100.00123346565131
    }
}