{
    "counter": {
        "ACTIVE": 25850,
        "INACTIVE": 7832,
        "INVALID": 0,
        "MALICIOUS": 0,
        "SANE": 0,
        "VALID": 0,
        "total": 33682
    },
    "percentage": {
        "ACTIVE": 76.74950268697485,
        "INACTIVE": 23.2527759634226,
        "INVALID": 0,
        "MALICIOUS": 0,
        "SANE": 0,
        "VALID": 0,
        "total": 100.00227865039744
    }
}