{
    "counter": {
        "ACTIVE": 104714,
        "INACTIVE": 68196,
        "INVALID": 0,
        "MALICIOUS": 0,
        "SANE": 0,
        "VALID": 0,
        "total": 172910
    },
    "percentage": {
        "ACTIVE": 60.5601790537219,
        "INACTIVE": 39.44017118732288,
        "INVALID": 0,
        "MALICIOUS": 0,
        "SANE": 0,
        "VALID": 0,
        "total": 100.00035024104479
    }
}