{
    "counter": {
        "ACTIVE": 107523,
        "INACTIVE": 70455,
        "INVALID": 0,
        "MALICIOUS": 0,
        "SANE": 0,
        "VALID": 0,
        "total": 177978
    },
    "percentage": {
        "ACTIVE": 60.41364663048242,
        "INACTIVE": 39.59770018041107,
        "INVALID": 0,
        "MALICIOUS": 0,
        "SANE": 0,
        "VALID": 0,
        "total": 100.01134681089349
    }
}