{
    "counter": {
        "ACTIVE": 55507,
        "INACTIVE": 30965,
        "INVALID": 0,
        "MALICIOUS": 0,
        "SANE": 0,
        "VALID": 0,
        "total": 86472
    },
    "percentage": {
        "ACTIVE": 64.19072069571654,
        "INACTIVE": 35.81217833805586,
        "INVALID": 0,
        "MALICIOUS": 0,
        "SANE": 0,
        "VALID": 0,
        "total": 100.0028990337724
    }
}