{
    "counter": {
        "ACTIVE": 29510,
        "INACTIVE": 10550,
        "INVALID": 0,
        "MALICIOUS": 0,
        "SANE": 0,
        "VALID": 0,
        "total": 40060
    },
    "percentage": {
        "ACTIVE": 73.6645032451323,
        "INACTIVE": 26.337469106523205,
        "INVALID": 0,
        "MALICIOUS": 0,
        "SANE": 0,
        "VALID": 0,
        "total": 100.0019723516555
    }
}