{
    "counter": {
        "ACTIVE": 43857,
        "INACTIVE": 23060,
        "INVALID": 0,
        "MALICIOUS": 0,
        "SANE": 0,
        "VALID": 0,
        "total": 66917
    },
    "percentage": {
        "ACTIVE": 65.5393995546722,
        "INACTIVE": 34.46266046956496,
        "INVALID": 0,
        "MALICIOUS": 0,
        "SANE": 0,
        "VALID": 0,
        "total": 100.00206002423715
    }
}