{
    "counter": {
        "ACTIVE": 21615,
        "INACTIVE": 3369,
        "INVALID": 0,
        "MALICIOUS": 0,
        "SANE": 0,
        "VALID": 0,
        "total": 24984
    },
    "percentage": {
        "ACTIVE": 86.51536983669548,
        "INACTIVE": 13.485709710991914,
        "INVALID": 0,
        "MALICIOUS": 0,
        "SANE": 0,
        "VALID": 0,
        "total": 100.0010795476874
    }
}