{
    "counter": {
        "ACTIVE": 82085,
        "INACTIVE": 50178,
        "INVALID": 0,
        "MALICIOUS": 0,
        "SANE": 0,
        "VALID": 0,
        "total": 132263
    },
    "percentage": {
        "ACTIVE": 62.061952322267,
        "INACTIVE": 37.939768783504846,
        "INVALID": 0,
        "MALICIOUS": 0,
        "SANE": 0,
        "VALID": 0,
        "total": 100.00172110577185
    }
}