{
    "counter": {
        "ACTIVE": 102108,
        "INACTIVE": 66325,
        "INVALID": 0,
        "MALICIOUS": 0,
        "SANE": 0,
        "VALID": 0,
        "total": 168433
    },
    "percentage": {
        "ACTIVE": 60.62304445143709,
        "INACTIVE": 39.37767539615159,
        "INVALID": 0,
        "MALICIOUS": 0,
        "SANE": 0,
        "VALID": 0,
        "total": 100.00071984758867
    }
}