{
    "counter": {
        "ACTIVE": 40675,
        "INACTIVE": 20298,
        "INVALID": 0,
        "MALICIOUS": 0,
        "SANE": 0,
        "VALID": 0,
        "total": 60973
    },
    "percentage": {
        "ACTIVE": 66.70985518180179,
        "INACTIVE": 33.2912368175034,
        "INVALID": 0,
        "MALICIOUS": 0,
        "SANE": 0,
        "VALID": 0,
        "total": 100.00109199930519
    }
}