{
    "counter": {
        "ACTIVE": 32531,
        "INACTIVE": 12902,
        "INVALID": 0,
        "MALICIOUS": 0,
        "SANE": 0,
        "VALID": 0,
        "total": 45433
    },
    "percentage": {
        "ACTIVE": 71.60371544285965,
        "INACTIVE": 28.397860585917726,
        "INVALID": 0,
        "MALICIOUS": 0,
        "SANE": 0,
        "VALID": 0,
        "total": 100.00157602877738
    }
}