{
    "counter": {
        "ACTIVE": 24692,
        "INACTIVE": 6603,
        "INVALID": 0,
        "MALICIOUS": 0,
        "SANE": 0,
        "VALID": 0,
        "total": 31295
    },
    "percentage": {
        "ACTIVE": 78.90078287266337,
        "INACTIVE": 21.09989135297501,
        "INVALID": 0,
        "MALICIOUS": 0,
        "SANE": 0,
        "VALID": 0,
        "total": 100.00067422563838
    }
}