{
    "counter": {
        "ACTIVE": 39338,
        "INACTIVE": 18932,
        "INVALID": 0,
        "MALICIOUS": 0,
        "SANE": 0,
        "VALID": 0,
        "total": 58270
    },
    "percentage": {
        "ACTIVE": 67.50986785652995,
        "INACTIVE": 32.49068973210455,
        "INVALID": 0,
        "MALICIOUS": 0,
        "SANE": 0,
        "VALID": 0,
        "total": 100.0005575886345
    }
}