{
    "counter": {
        "ACTIVE": 47208,
        "INACTIVE": 24865,
        "INVALID": 0,
        "MALICIOUS": 0,
        "SANE": 0,
        "VALID": 0,
        "total": 72073
    },
    "percentage": {
        "ACTIVE": 65.5011655011655,
        "INACTIVE": 34.49974331580481,
        "INVALID": 0,
        "MALICIOUS": 0,
        "SANE": 0,
        "VALID": 0,
        "total": 100.00090881697031
    }
}