{
    "counter": {
        "ACTIVE": 58907,
        "INACTIVE": 33600,
        "INVALID": 0,
        "MALICIOUS": 0,
        "SANE": 0,
        "VALID": 0,
        "total": 92507
    },
    "percentage": {
        "ACTIVE": 63.679112706202844,
        "INACTIVE": 36.321575664544305,
        "INVALID": 0,
        "MALICIOUS": 0,
        "SANE": 0,
        "VALID": 0,
        "total": 100.00068837074716
    }
}