{
    "counter": {
        "ACTIVE": 34433,
        "INACTIVE": 14823,
        "INVALID": 0,
        "MALICIOUS": 0,
        "SANE": 0,
        "VALID": 0,
        "total": 49256
    },
    "percentage": {
        "ACTIVE": 69.9203996263656,
        "INACTIVE": 30.093795679714148,
        "INVALID": 0,
        "MALICIOUS": 0,
        "SANE": 0,
        "VALID": 0,
        "total": 100.01419530607974
    }
}