{
    "counter": {
        "ACTIVE": 58649,
        "INACTIVE": 33300,
        "INVALID": 0,
        "MALICIOUS": 0,
        "SANE": 0,
        "VALID": 0,
        "total": 91949
    },
    "percentage": {
        "ACTIVE": 63.78565912971603,
        "INACTIVE": 36.21572828415752,
        "INVALID": 0,
        "MALICIOUS": 0,
        "SANE": 0,
        "VALID": 0,
        "total": 100.00138741387354
    }
}