{
    "counter": {
        "ACTIVE": 107644,
        "INACTIVE": 70607,
        "INVALID": 0,
        "MALICIOUS": 0,
        "SANE": 0,
        "VALID": 0,
        "total": 178251
    },
    "percentage": {
        "ACTIVE": 60.39035720096271,
        "INACTIVE": 39.61099797476592,
        "INVALID": 0,
        "MALICIOUS": 0,
        "SANE": 0,
        "VALID": 0,
        "total": 100.00135517572863
    }
}