{
    "counter": {
        "ACTIVE": 24951,
        "INACTIVE": 6872,
        "INVALID": 0,
        "MALICIOUS": 0,
        "SANE": 0,
        "VALID": 0,
        "total": 31823
    },
    "percentage": {
        "ACTIVE": 78.40801960907548,
        "INACTIVE": 21.594444269867704,
        "INVALID": 0,
        "MALICIOUS": 0,
        "SANE": 0,
        "VALID": 0,
        "total": 100.00246387894319
    }
}