{
    "counter": {
        "ACTIVE": 80770,
        "INACTIVE": 49235,
        "INVALID": 0,
        "MALICIOUS": 0,
        "SANE": 0,
        "VALID": 0,
        "total": 130005
    },
    "percentage": {
        "ACTIVE": 62.12885757361312,
        "INACTIVE": 37.8716203222953,
        "INVALID": 0,
        "MALICIOUS": 0,
        "SANE": 0,
        "VALID": 0,
        "total": 100.00047789590842
    }
}