{
    "counter": {
        "ACTIVE": 38513,
        "INACTIVE": 18241,
        "INVALID": 0,
        "MALICIOUS": 0,
        "SANE": 0,
        "VALID": 0,
        "total": 56754
    },
    "percentage": {
        "ACTIVE": 67.85953412975297,
        "INACTIVE": 32.141032192130815,
        "INVALID": 0,
        "MALICIOUS": 0,
        "SANE": 0,
        "VALID": 0,
        "total": 100.00056632188378
    }
}