{
    "counter": {
        "ACTIVE": 40789,
        "INACTIVE": 20369,
        "INVALID": 0,
        "MALICIOUS": 0,
        "SANE": 0,
        "VALID": 0,
        "total": 61158
    },
    "percentage": {
        "ACTIVE": 66.69446352071684,
        "INACTIVE": 33.30771494914478,
        "INVALID": 0,
        "MALICIOUS": 0,
        "SANE": 0,
        "VALID": 0,
        "total": 100.00217846986162
    }
}