{
    "counter": {
        "ACTIVE": 22356,
        "INACTIVE": 4049,
        "INVALID": 0,
        "MALICIOUS": 0,
        "SANE": 0,
        "VALID": 0,
        "total": 26405
    },
    "percentage": {
        "ACTIVE": 84.67540337853193,
        "INACTIVE": 15.334217004355235,
        "INVALID": 0,
        "MALICIOUS": 0,
        "SANE": 0,
        "VALID": 0,
        "total": 100.00962038288716
    }
}