{
    "counter": {
        "ACTIVE": 89333,
        "INACTIVE": 56293,
        "INVALID": 0,
        "MALICIOUS": 0,
        "SANE": 0,
        "VALID": 0,
        "total": 145626
    },
    "percentage": {
        "ACTIVE": 61.34412810899153,
        "INACTIVE": 38.6566682460875,
        "INVALID": 0,
        "MALICIOUS": 0,
        "SANE": 0,
        "VALID": 0,
        "total": 100.00079635507902
    }
}