{
    "counter": {
        "ACTIVE": 8458,
        "INACTIVE": 1268,
        "INVALID": 0,
        "MALICIOUS": 0,
        "SANE": 0,
        "VALID": 0,
        "total": 9726
    },
    "percentage": {
        "ACTIVE": 86.96278017684557,
        "INACTIVE": 13.039901275195392,
        "INVALID": 0,
        "MALICIOUS": 0,
        "SANE": 0,
        "VALID": 0,
        "total": 100.00268145204096
    }
}