{
    "counter": {
        "ACTIVE": 14319,
        "INACTIVE": 2032,
        "INVALID": 0,
        "MALICIOUS": 0,
        "SANE": 0,
        "VALID": 0,
        "total": 16351
    },
    "percentage": {
        "ACTIVE": 87.57262552749067,
        "INACTIVE": 12.435740514075887,
        "INVALID": 0,
        "MALICIOUS": 0,
        "SANE": 0,
        "VALID": 0,
        "total": 100.00836604156656
    }
}