{
    "counter": {
        "ACTIVE": 106207,
        "INACTIVE": 69455,
        "INVALID": 0,
        "MALICIOUS": 0,
        "SANE": 0,
        "VALID": 0,
        "total": 175662
    },
    "percentage": {
        "ACTIVE": 60.460998963919344,
        "INACTIVE": 39.53945121256974,
        "INVALID": 0,
        "MALICIOUS": 0,
        "SANE": 0,
        "VALID": 0,
        "total": 100.00045017648908
    }
}