{
    "counter": {
        "ACTIVE": 58317,
        "INACTIVE": 33016,
        "INVALID": 0,
        "MALICIOUS": 0,
        "SANE": 0,
        "VALID": 0,
        "total": 91333
    },
    "percentage": {
        "ACTIVE": 63.85096295971883,
        "INACTIVE": 36.1494328384356,
        "INVALID": 0,
        "MALICIOUS": 0,
        "SANE": 0,
        "VALID": 0,
        "total": 100.00039579815443
    }
}