{
    "counter": {
        "ACTIVE": 32461,
        "INACTIVE": 12866,
        "INVALID": 0,
        "MALICIOUS": 0,
        "SANE": 0,
        "VALID": 0,
        "total": 45327
    },
    "percentage": {
        "ACTIVE": 71.61515211683985,
        "INACTIVE": 28.386100386100384,
        "INVALID": 0,
        "MALICIOUS": 0,
        "SANE": 0,
        "VALID": 0,
        "total": 100.00125250294023
    }
}