{
    "counter": {
        "ACTIVE": 71581,
        "INACTIVE": 42920,
        "INVALID": 0,
        "MALICIOUS": 0,
        "SANE": 0,
        "VALID": 0,
        "total": 114501
    },
    "percentage": {
        "ACTIVE": 62.51561121736928,
        "INACTIVE": 37.48471615720524,
        "INVALID": 0,
        "MALICIOUS": 0,
        "SANE": 0,
        "VALID": 0,
        "total": 100.00032737457452
    }
}