{
    "counter": {
        "ACTIVE": 23518,
        "INACTIVE": 5083,
        "INVALID": 0,
        "MALICIOUS": 0,
        "SANE": 0,
        "VALID": 0,
        "total": 28601
    },
    "percentage": {
        "ACTIVE": 82.23076923076923,
        "INACTIVE": 17.77210587042411,
        "INVALID": 0,
        "MALICIOUS": 0,
        "SANE": 0,
        "VALID": 0,
        "total": 100.00287510119334
    }
}