{
    "counter": {
        "ACTIVE": 71991,
        "INACTIVE": 43302,
        "INVALID": 0,
        "MALICIOUS": 0,
        "SANE": 0,
        "VALID": 0,
        "total": 115293
    },
    "percentage": {
        "ACTIVE": 62.44936198266814,
        "INACTIVE": 37.558221227654755,
        "INVALID": 0,
        "MALICIOUS": 0,
        "SANE": 0,
        "VALID": 0,
        "total": 100.00758321032289
    }
}