{
    "counter": {
        "ACTIVE": 39457,
        "INACTIVE": 19187,
        "INVALID": 0,
        "MALICIOUS": 0,
        "SANE": 0,
        "VALID": 0,
        "total": 58644
    },
    "percentage": {
        "ACTIVE": 67.28224541300048,
        "INACTIVE": 32.721102356833455,
        "INVALID": 0,
        "MALICIOUS": 0,
        "SANE": 0,
        "VALID": 0,
        "total": 100.00334776983394
    }
}