{
    "counter": {
        "ACTIVE": 53966,
        "INACTIVE": 29713,
        "INVALID": 0,
        "MALICIOUS": 0,
        "SANE": 0,
        "VALID": 0,
        "total": 83679
    },
    "percentage": {
        "ACTIVE": 64.49168847620072,
        "INACTIVE": 35.50916022323936,
        "INVALID": 0,
        "MALICIOUS": 0,
        "SANE": 0,
        "VALID": 0,
        "total": 100.00084869944008
    }
}