{
    "counter": {
        "ACTIVE": 50447,
        "INACTIVE": 27386,
        "INVALID": 0,
        "MALICIOUS": 0,
        "SANE": 0,
        "VALID": 0,
        "total": 77833
    },
    "percentage": {
        "ACTIVE": 64.8160758566638,
        "INACTIVE": 35.18558965991289,
        "INVALID": 0,
        "MALICIOUS": 0,
        "SANE": 0,
        "VALID": 0,
        "total": 100.0016655165767
    }
}