{
    "counter": {
        "ACTIVE": 29200,
        "INACTIVE": 10206,
        "INVALID": 0,
        "MALICIOUS": 0,
        "SANE": 0,
        "VALID": 0,
        "total": 39406
    },
    "percentage": {
        "ACTIVE": 74.10227128536988,
        "INACTIVE": 25.89960919656905,
        "INVALID": 0,
        "MALICIOUS": 0,
        "SANE": 0,
        "VALID": 0,
        "total": 100.00188048193893
    }
}