{
    "counter": {
        "ACTIVE": 21845,
        "INACTIVE": 3533,
        "INVALID": 0,
        "MALICIOUS": 0,
        "SANE": 0,
        "VALID": 0,
        "total": 25378
    },
    "percentage": {
        "ACTIVE": 86.07849318307196,
        "INACTIVE": 13.922604035308954,
        "INVALID": 0,
        "MALICIOUS": 0,
        "SANE": 0,
        "VALID": 0,
        "total": 100.0010972183809
    }
}