{
    "counter": {
        "ACTIVE": 94522,
        "INACTIVE": 60922,
        "INVALID": 0,
        "MALICIOUS": 0,
        "SANE": 0,
        "VALID": 0,
        "total": 155444
    },
    "percentage": {
        "ACTIVE": 60.80775070121716,
        "INACTIVE": 39.19426645050053,
        "INVALID": 0,
        "MALICIOUS": 0,
        "SANE": 0,
        "VALID": 0,
        "total": 100.0020171517177
    }
}