{
    "counter": {
        "ACTIVE": 41174,
        "INACTIVE": 20548,
        "INVALID": 0,
        "MALICIOUS": 0,
        "SANE": 0,
        "VALID": 0,
        "total": 61722
    },
    "percentage": {
        "ACTIVE": 66.70879103075079,
        "INACTIVE": 33.29282716829501,
        "INVALID": 0,
        "MALICIOUS": 0,
        "SANE": 0,
        "VALID": 0,
        "total": 100.0016181990458
    }
}