{
    "counter": {
        "ACTIVE": 56869,
        "INACTIVE": 32068,
        "INVALID": 0,
        "MALICIOUS": 0,
        "SANE": 0,
        "VALID": 0,
        "total": 88937
    },
    "percentage": {
        "ACTIVE": 63.94301584267515,
        "INACTIVE": 36.05738958352073,
        "INVALID": 0,
        "MALICIOUS": 0,
        "SANE": 0,
        "VALID": 0,
        "total": 100.00040542619588
    }
}