{
    "counter": {
        "ACTIVE": 107769,
        "INACTIVE": 70749,
        "INVALID": 1,
        "MALICIOUS": 0,
        "SANE": 0,
        "VALID": 0,
        "total": 178519
    },
    "percentage": {
        "ACTIVE": 60.36836415171494,
        "INACTIVE": 39.63107568382077,
        "INVALID": 0.0005601644642867146,
        "MALICIOUS": 0.0,
        "SANE": 0.0,
        "VALID": 0.0,
        "total": 100.0
    }
}